Model,FPR,TPR,Threshold
unet,0.0,0.0,inf
unet,0.0,0.0125,0.9514
unet,0.0,0.05,0.9386
unet,0.0001,0.05,0.9367
unet,0.0001,0.0625,0.9367
unet,0.0002,0.0625,0.9364
unet,0.0002,0.075,0.9305
unet,0.0003,0.075,0.9236
unet,0.0003,0.1125,0.904
unet,0.0004,0.1125,0.898
unet,0.0004,0.125,0.8949
unet,0.0007,0.125,0.8687
unet,0.0007,0.1625,0.8525
unet,0.0008,0.1625,0.842
unet,0.0008,0.175,0.8419
unet,0.0009,0.175,0.8407
unet,0.0009,0.2,0.8374
unet,0.0011,0.2,0.8123
unet,0.0011,0.2125,0.8067
unet,0.0019,0.2125,0.7627
unet,0.0019,0.225,0.7521
unet,0.0024,0.225,0.7171
unet,0.0024,0.2375,0.68
unet,0.0029,0.2375,0.6572
unet,0.0029,0.25,0.6485
unet,0.0029,0.25,0.6485
unet,0.0029,0.2625,0.6423
unet,0.0034,0.2625,0.608
unet,0.0034,0.3125,0.5797
unet,0.0042,0.3125,0.5118
unet,0.0042,0.3375,0.4943
unet,0.0043,0.3375,0.4903
unet,0.0043,0.35,0.48
unet,0.0043,0.35,0.4768
unet,0.0043,0.3625,0.4706
unet,0.0052,0.3625,0.4273
unet,0.0052,0.375,0.4241
unet,0.0053,0.375,0.422
unet,0.0053,0.3875,0.4113
unet,0.0054,0.3875,0.4049
unet,0.0054,0.4125,0.403
unet,0.0057,0.4125,0.3997
unet,0.0057,0.425,0.384
unet,0.0058,0.425,0.379
unet,0.0058,0.4625,0.3665
unet,0.0062,0.4625,0.3252
unet,0.0062,0.4875,0.3185
unet,0.008,0.4875,0.25
unet,0.008,0.5,0.2422
unet,0.0084,0.5,0.2302
unet,0.0084,0.5125,0.2258
unet,0.0093,0.5125,0.2064
unet,0.0093,0.525,0.2057
unet,0.0102,0.525,0.1864
unet,0.0102,0.5375,0.1836
unet,0.0106,0.5375,0.1808
unet,0.0106,0.5625,0.1798
unet,0.0116,0.5625,0.1626
unet,0.0116,0.575,0.16
unet,0.0139,0.575,0.135
unet,0.0139,0.5875,0.1347
unet,0.0155,0.5875,0.1199
unet,0.0155,0.6,0.1191
unet,0.0178,0.6,0.1044
unet,0.0178,0.6125,0.1044
unet,0.0189,0.6125,0.0982
unet,0.0189,0.625,0.098
unet,0.0191,0.625,0.0977
unet,0.0191,0.6375,0.0974
unet,0.0206,0.6375,0.0867
unet,0.0206,0.65,0.086
unet,0.0242,0.65,0.0694
unet,0.0242,0.6625,0.0694
unet,0.0292,0.6625,0.0597
unet,0.0292,0.675,0.0596
unet,0.0455,0.675,0.0392
unet,0.0455,0.6875,0.0392
unet,0.0497,0.6875,0.0364
unet,0.0497,0.7,0.0363
unet,0.0506,0.7,0.0357
unet,0.0506,0.7125,0.0356
unet,0.0564,0.7125,0.0332
unet,0.0564,0.725,0.033
unet,0.0711,0.725,0.0272
unet,0.0711,0.7375,0.0272
unet,0.0976,0.7375,0.0206
unet,0.0976,0.75,0.0206
unet,0.1023,0.75,0.0199
unet,0.1023,0.7625,0.0199
unet,0.1188,0.7625,0.0176
unet,0.1188,0.775,0.0176
unet,0.1274,0.775,0.0169
unet,0.1274,0.7875,0.0169
unet,0.1411,0.7875,0.0158
unet,0.1411,0.8,0.0158
unet,0.1425,0.8,0.0157
unet,0.1425,0.8125,0.0157
unet,0.1459,0.8125,0.0154
unet,0.1459,0.825,0.0154
unet,0.1503,0.825,0.0152
unet,0.1503,0.8375,0.0152
unet,0.1519,0.8375,0.0151
unet,0.1519,0.85,0.0151
unet,0.1973,0.85,0.0128
unet,0.1973,0.8625,0.0128
unet,0.1987,0.8625,0.0128
unet,0.1987,0.875,0.0128
unet,0.2591,0.875,0.0108
unet,0.2593,0.875,0.0108
unet,0.2593,0.875,0.0108
unet,0.2593,0.8875,0.0108
unet,0.2751,0.8875,0.0104
unet,0.2751,0.9,0.0104
unet,0.3018,0.9,0.0099
unet,0.3018,0.9125,0.0099
unet,0.3211,0.9125,0.0095
unet,0.3213,0.9125,0.0095
unet,0.3272,0.9125,0.0094
unet,0.3274,0.9125,0.0094
unet,0.3301,0.9125,0.0094
unet,0.3301,0.925,0.0093
unet,0.4073,0.925,0.008
unet,0.4073,0.9375,0.008
unet,0.4376,0.9375,0.0076
unet,0.4376,0.95,0.0076
unet,0.5086,0.95,0.0067
unet,0.5086,0.9625,0.0067
unet,0.5312,0.9625,0.0064
unet,0.5312,0.975,0.0064
unet,0.574,0.975,0.0059
unet,0.574,0.9875,0.0059
unet,0.6016,0.9875,0.0056
unet,0.6016,1.0,0.0056
unet,0.6125,1.0,0.0055
unet,0.6127,1.0,0.0055
unet,0.6137,1.0,0.0055
unet,0.6139,1.0,0.0055
unet,0.6518,1.0,0.0051
unet,0.6521,1.0,0.0051
unet,0.6884,1.0,0.0047
unet,0.6886,1.0,0.0047
unet,0.7173,1.0,0.0044
unet,0.7175,1.0,0.0044
unet,0.7372,1.0,0.0042
unet,0.7374,1.0,0.0042
unet,0.7516,1.0,0.004
unet,0.7517,1.0,0.004
unet,0.8347,1.0,0.0031
unet,0.8349,1.0,0.0031
unet,1.0,1.0,0.0001
attnunet,0.0,0.0,inf
attnunet,0.0,0.0125,0.9351
attnunet,0.0,0.125,0.8808
attnunet,0.0001,0.125,0.8665
attnunet,0.0001,0.15,0.8583
attnunet,0.0002,0.15,0.8548
attnunet,0.0002,0.2375,0.8274
attnunet,0.0004,0.2375,0.7911
attnunet,0.0004,0.25,0.7895
attnunet,0.0006,0.25,0.7772
attnunet,0.0006,0.2625,0.777
attnunet,0.0013,0.2625,0.7572
attnunet,0.0013,0.275,0.7571
attnunet,0.0014,0.275,0.7562
attnunet,0.0014,0.2875,0.7557
attnunet,0.0019,0.2875,0.7383
attnunet,0.0019,0.3,0.7316
attnunet,0.0024,0.3,0.7116
attnunet,0.0024,0.3125,0.7114
attnunet,0.0032,0.3125,0.6912
attnunet,0.0032,0.325,0.6902
attnunet,0.004,0.325,0.668
attnunet,0.004,0.3375,0.6653
attnunet,0.0041,0.3375,0.6643
attnunet,0.0041,0.35,0.6634
attnunet,0.0048,0.35,0.6505
attnunet,0.0048,0.3625,0.6494
attnunet,0.0049,0.3625,0.6491
attnunet,0.0049,0.375,0.6459
attnunet,0.0051,0.375,0.6418
attnunet,0.0051,0.3875,0.639
attnunet,0.0055,0.3875,0.6297
attnunet,0.0055,0.4,0.6274
attnunet,0.0061,0.4,0.6191
attnunet,0.0061,0.4125,0.6133
attnunet,0.0062,0.4125,0.6119
attnunet,0.0062,0.4375,0.6074
attnunet,0.0074,0.4375,0.5845
attnunet,0.0074,0.45,0.5841
attnunet,0.0082,0.45,0.5499
attnunet,0.0082,0.4625,0.5492
attnunet,0.0085,0.4625,0.5447
attnunet,0.0085,0.4875,0.5426
attnunet,0.0086,0.4875,0.5386
attnunet,0.0086,0.5,0.5372
attnunet,0.0127,0.5,0.4643
attnunet,0.0127,0.5125,0.464
attnunet,0.0128,0.5125,0.4612
attnunet,0.0128,0.525,0.4565
attnunet,0.0132,0.525,0.4542
attnunet,0.0132,0.5375,0.4538
attnunet,0.0133,0.5375,0.4537
attnunet,0.0133,0.55,0.4509
attnunet,0.0146,0.55,0.4322
attnunet,0.0146,0.5625,0.4289
attnunet,0.0148,0.5625,0.428
attnunet,0.0148,0.575,0.4271
attnunet,0.0152,0.575,0.4246
attnunet,0.0152,0.5875,0.4245
attnunet,0.0152,0.5875,0.4241
attnunet,0.0152,0.6,0.4237
attnunet,0.0155,0.6,0.4213
attnunet,0.0155,0.6125,0.4195
attnunet,0.0156,0.6125,0.4186
attnunet,0.0156,0.625,0.4182
attnunet,0.016,0.625,0.4164
attnunet,0.016,0.6375,0.4162
attnunet,0.0163,0.6375,0.4137
attnunet,0.0163,0.65,0.4123
attnunet,0.0166,0.65,0.4081
attnunet,0.0166,0.6625,0.4072
attnunet,0.0168,0.6625,0.4059
attnunet,0.0168,0.675,0.4039
attnunet,0.017,0.675,0.4028
attnunet,0.017,0.6875,0.4026
attnunet,0.0174,0.6875,0.3994
attnunet,0.0174,0.7,0.3974
attnunet,0.0175,0.7,0.395
attnunet,0.0175,0.7125,0.3949
attnunet,0.0179,0.7125,0.3922
attnunet,0.0179,0.75,0.388
attnunet,0.0183,0.75,0.383
attnunet,0.0183,0.7625,0.3817
attnunet,0.0184,0.7625,0.3815
attnunet,0.0184,0.775,0.381
attnunet,0.0186,0.775,0.3794
attnunet,0.0186,0.7875,0.3786
attnunet,0.0197,0.7875,0.3691
attnunet,0.0197,0.8,0.3689
attnunet,0.0197,0.8,0.3686
attnunet,0.0197,0.8125,0.3684
attnunet,0.0208,0.8125,0.3612
attnunet,0.0208,0.825,0.361
attnunet,0.0215,0.825,0.3568
attnunet,0.0215,0.85,0.3555
attnunet,0.0226,0.85,0.3476
attnunet,0.0226,0.8625,0.3458
attnunet,0.0244,0.8625,0.3325
attnunet,0.0244,0.875,0.3319
attnunet,0.0341,0.875,0.3057
attnunet,0.0341,0.8875,0.3056
attnunet,0.0376,0.8875,0.2983
attnunet,0.0376,0.9,0.2983
attnunet,0.0502,0.9,0.2816
attnunet,0.0502,0.9125,0.2816
attnunet,0.0549,0.9125,0.2752
attnunet,0.0549,0.925,0.2752
attnunet,0.0865,0.925,0.2531
attnunet,0.0865,0.9375,0.2531
attnunet,0.1269,0.9375,0.2352
attnunet,0.1269,0.95,0.2351
attnunet,0.1275,0.95,0.235
attnunet,0.1275,0.9625,0.2349
attnunet,0.1741,0.9625,0.2192
attnunet,0.1743,0.9625,0.2192
attnunet,0.2388,0.9625,0.2051
attnunet,0.2388,0.975,0.2051
attnunet,0.2477,0.975,0.2032
attnunet,0.2477,0.9875,0.2032
attnunet,0.3444,0.9875,0.1832
attnunet,0.3444,1.0,0.1832
attnunet,1.0,1.0,0.0
resunet,0.0,0.0,inf
resunet,0.0,0.0125,0.9984
resunet,0.0,0.1375,0.9911
resunet,0.0001,0.1375,0.991
resunet,0.0001,0.1875,0.9891
resunet,0.0002,0.1875,0.9882
resunet,0.0002,0.2,0.9837
resunet,0.0003,0.2,0.9794
resunet,0.0003,0.225,0.978
resunet,0.0009,0.225,0.9695
resunet,0.0009,0.2375,0.9691
resunet,0.0017,0.2375,0.9535
resunet,0.0017,0.2625,0.9516
resunet,0.0018,0.2625,0.9506
resunet,0.0018,0.275,0.9506
resunet,0.0019,0.275,0.9497
resunet,0.0019,0.2875,0.9483
resunet,0.0051,0.2875,0.8488
resunet,0.0051,0.3,0.8474
resunet,0.0067,0.3,0.7986
resunet,0.0067,0.3125,0.7954
resunet,0.0076,0.3125,0.7609
resunet,0.0076,0.325,0.7551
resunet,0.0085,0.325,0.6973
resunet,0.0085,0.3375,0.6965
resunet,0.0094,0.3375,0.6242
resunet,0.0094,0.35,0.615
resunet,0.0095,0.35,0.6138
resunet,0.0095,0.3625,0.6102
resunet,0.0099,0.3625,0.5778
resunet,0.0099,0.375,0.5524
resunet,0.0109,0.375,0.4708
resunet,0.0109,0.3875,0.469
resunet,0.0114,0.3875,0.424
resunet,0.0114,0.4,0.4232
resunet,0.0122,0.4,0.3405
resunet,0.0122,0.4125,0.3362
resunet,0.0134,0.4125,0.2565
resunet,0.0134,0.4375,0.2499
resunet,0.0138,0.4375,0.2309
resunet,0.0138,0.45,0.227
resunet,0.0147,0.45,0.1809
resunet,0.0147,0.4625,0.1809
resunet,0.0147,0.4625,0.1656
resunet,0.0147,0.475,0.1508
resunet,0.0151,0.475,0.1422
resunet,0.0151,0.4875,0.1388
resunet,0.0152,0.4875,0.1383
resunet,0.0152,0.5,0.1367
resunet,0.0156,0.5,0.1231
resunet,0.0156,0.5125,0.1211
resunet,0.0159,0.5125,0.1057
resunet,0.0159,0.525,0.1051
resunet,0.0165,0.525,0.0826
resunet,0.0165,0.5375,0.0823
resunet,0.0169,0.5375,0.0717
resunet,0.0169,0.55,0.0715
resunet,0.0188,0.55,0.0436
resunet,0.0188,0.5625,0.0429
resunet,0.0189,0.5625,0.0391
resunet,0.0189,0.575,0.0391
resunet,0.0192,0.575,0.0329
resunet,0.0192,0.5875,0.0327
resunet,0.0206,0.5875,0.0211
resunet,0.0206,0.6,0.0208
resunet,0.0215,0.6,0.0173
resunet,0.0215,0.6125,0.0166
resunet,0.0222,0.6125,0.0122
resunet,0.0222,0.625,0.0118
resunet,0.0229,0.625,0.0106
resunet,0.0229,0.6375,0.0104
resunet,0.0258,0.6375,0.0063
resunet,0.0258,0.65,0.0063
resunet,0.0265,0.65,0.0059
resunet,0.0265,0.6625,0.0058
resunet,0.0274,0.6625,0.0047
resunet,0.0274,0.675,0.0047
resunet,0.0291,0.675,0.004
resunet,0.0291,0.6875,0.0039
resunet,0.031,0.6875,0.0029
resunet,0.031,0.7,0.0029
resunet,0.032,0.7,0.0025
resunet,0.032,0.7125,0.0025
resunet,0.0323,0.7125,0.0025
resunet,0.0323,0.725,0.0024
resunet,0.0333,0.725,0.002
resunet,0.0333,0.7375,0.002
resunet,0.0334,0.7375,0.002
resunet,0.0334,0.75,0.0019
resunet,0.0351,0.75,0.0015
resunet,0.0351,0.7625,0.0014
resunet,0.0356,0.7625,0.0014
resunet,0.0356,0.775,0.0013
resunet,0.0362,0.775,0.0013
resunet,0.0362,0.7875,0.0013
resunet,0.0376,0.7875,0.0011
resunet,0.0376,0.8,0.0011
resunet,0.039,0.8,0.001
resunet,0.039,0.8125,0.001
resunet,0.0393,0.8125,0.001
resunet,0.0393,0.825,0.001
resunet,0.0399,0.825,0.0009
resunet,0.0399,0.8375,0.0009
resunet,0.04,0.8375,0.0009
resunet,0.04,0.85,0.0009
resunet,0.0437,0.85,0.0007
resunet,0.0437,0.8625,0.0007
resunet,0.046,0.8625,0.0006
resunet,0.046,0.875,0.0006
resunet,0.0463,0.875,0.0006
resunet,0.0463,0.8875,0.0006
resunet,0.0468,0.8875,0.0005
resunet,0.0468,0.9,0.0005
resunet,0.0473,0.9,0.0005
resunet,0.0473,0.9125,0.0005
resunet,0.0478,0.9125,0.0005
resunet,0.0478,0.925,0.0005
resunet,0.0484,0.925,0.0005
resunet,0.0484,0.9375,0.0005
resunet,0.0489,0.9375,0.0005
resunet,0.0489,0.95,0.0005
resunet,0.0499,0.95,0.0005
resunet,0.0499,0.9625,0.0004
resunet,0.0616,0.9625,0.0003
resunet,0.0616,0.975,0.0003
resunet,0.0645,0.975,0.0002
resunet,0.0645,0.9875,0.0002
resunet,0.0709,0.9875,0.0002
resunet,0.0709,1.0,0.0002
resunet,0.0963,1.0,0.0001
resunet,0.0965,1.0,0.0001
resunet,0.1178,1.0,0.0001
resunet,0.118,1.0,0.0001
resunet,0.1932,1.0,0.0
resunet,0.1934,1.0,0.0
resunet,0.1986,1.0,0.0
resunet,0.1988,1.0,0.0
resunet,0.2704,1.0,0.0
resunet,0.2706,1.0,0.0
resunet,0.3746,1.0,0.0
resunet,0.3748,1.0,0.0
resunet,0.4842,1.0,0.0
resunet,0.4844,1.0,0.0
resunet,0.5404,1.0,0.0
resunet,0.5405,1.0,0.0
resunet,0.7206,1.0,0.0
resunet,0.7208,1.0,0.0
resunet,0.7347,1.0,0.0
resunet,0.7348,1.0,0.0
resunet,0.8674,1.0,0.0
resunet,0.8675,1.0,0.0
resunet,0.9287,1.0,0.0
resunet,0.9288,1.0,0.0
resunet,1.0,1.0,0.0
attnresunet,0.0,0.0,inf
attnresunet,0.0,0.0125,0.7838
attnresunet,0.0,0.1625,0.6786
attnresunet,0.0001,0.1625,0.6617
attnresunet,0.0001,0.175,0.6614
attnresunet,0.0002,0.175,0.6541
attnresunet,0.0002,0.2,0.6411
attnresunet,0.0002,0.2,0.6346
attnresunet,0.0002,0.2125,0.6339
attnresunet,0.0003,0.2125,0.6196
attnresunet,0.0003,0.2375,0.6029
attnresunet,0.0004,0.2375,0.5969
attnresunet,0.0004,0.275,0.5782
attnresunet,0.0008,0.275,0.5522
attnresunet,0.0008,0.2875,0.5517
attnresunet,0.0009,0.2875,0.5485
attnresunet,0.0009,0.3125,0.5482
attnresunet,0.0022,0.3125,0.521
attnresunet,0.0022,0.325,0.5167
attnresunet,0.0024,0.325,0.5146
attnresunet,0.0024,0.35,0.5127
attnresunet,0.0038,0.35,0.4973
attnresunet,0.0038,0.3625,0.4971
attnresunet,0.0039,0.3625,0.4966
attnresunet,0.0039,0.3875,0.4947
attnresunet,0.0042,0.3875,0.4935
attnresunet,0.0042,0.4,0.4927
attnresunet,0.0048,0.4,0.4864
attnresunet,0.0048,0.4125,0.4861
attnresunet,0.0061,0.4125,0.4766
attnresunet,0.0061,0.425,0.4766
attnresunet,0.0065,0.425,0.4746
attnresunet,0.0065,0.45,0.4735
attnresunet,0.0074,0.45,0.4704
attnresunet,0.0074,0.4625,0.4704
attnresunet,0.0075,0.4625,0.4703
attnresunet,0.0075,0.475,0.4702
attnresunet,0.0077,0.475,0.4699
attnresunet,0.0077,0.4875,0.4691
attnresunet,0.0078,0.4875,0.4671
attnresunet,0.0078,0.5,0.4656
attnresunet,0.0081,0.5,0.4638
attnresunet,0.0081,0.5125,0.4634
attnresunet,0.0088,0.5125,0.4596
attnresunet,0.0088,0.525,0.4596
attnresunet,0.0099,0.525,0.4545
attnresunet,0.0099,0.5375,0.4539
attnresunet,0.0106,0.5375,0.4504
attnresunet,0.0106,0.55,0.4502
attnresunet,0.0108,0.55,0.4491
attnresunet,0.0108,0.5625,0.4489
attnresunet,0.0113,0.5625,0.4475
attnresunet,0.0113,0.575,0.4472
attnresunet,0.0117,0.575,0.4461
attnresunet,0.0117,0.5875,0.4453
attnresunet,0.0121,0.5875,0.4439
attnresunet,0.0121,0.6,0.443
attnresunet,0.013,0.6,0.4376
attnresunet,0.013,0.6125,0.4374
attnresunet,0.0136,0.6125,0.436
attnresunet,0.0136,0.625,0.4357
attnresunet,0.015,0.625,0.4297
attnresunet,0.015,0.6375,0.4294
attnresunet,0.0174,0.6375,0.4231
attnresunet,0.0174,0.65,0.4231
attnresunet,0.018,0.65,0.42
attnresunet,0.018,0.6625,0.4199
attnresunet,0.0202,0.6625,0.4118
attnresunet,0.0202,0.675,0.4117
attnresunet,0.022,0.675,0.405
attnresunet,0.022,0.6875,0.4046
attnresunet,0.0221,0.6875,0.4046
attnresunet,0.0221,0.7,0.4042
attnresunet,0.0252,0.7,0.3907
attnresunet,0.0252,0.7125,0.3899
attnresunet,0.0262,0.7125,0.3864
attnresunet,0.0262,0.725,0.3863
attnresunet,0.0269,0.725,0.3834
attnresunet,0.0269,0.75,0.3812
attnresunet,0.0276,0.75,0.3786
attnresunet,0.0276,0.7625,0.3786
attnresunet,0.0301,0.7625,0.3702
attnresunet,0.0301,0.775,0.37
attnresunet,0.0308,0.775,0.3672
attnresunet,0.0308,0.7875,0.3666
attnresunet,0.0309,0.7875,0.3661
attnresunet,0.0309,0.8,0.3658
attnresunet,0.0315,0.8,0.3634
attnresunet,0.0315,0.8125,0.3633
attnresunet,0.0337,0.8125,0.3556
attnresunet,0.0337,0.825,0.3555
attnresunet,0.0346,0.825,0.3535
attnresunet,0.0346,0.8375,0.3535
attnresunet,0.0361,0.8375,0.3488
attnresunet,0.0361,0.85,0.3487
attnresunet,0.0403,0.85,0.3379
attnresunet,0.0403,0.8625,0.3379
attnresunet,0.0416,0.8625,0.3354
attnresunet,0.0416,0.875,0.3352
attnresunet,0.0421,0.875,0.3345
attnresunet,0.0421,0.8875,0.3343
attnresunet,0.0464,0.8875,0.324
attnresunet,0.0464,0.9,0.324
attnresunet,0.0532,0.9,0.3123
attnresunet,0.0532,0.9125,0.3121
attnresunet,0.0564,0.9125,0.3082
attnresunet,0.0564,0.925,0.3082
attnresunet,0.0587,0.925,0.3052
attnresunet,0.0587,0.9375,0.3052
attnresunet,0.0745,0.9375,0.2911
attnresunet,0.0745,0.95,0.291
attnresunet,0.0854,0.95,0.2812
attnresunet,0.0854,0.9625,0.2812
attnresunet,0.0879,0.9625,0.2798
attnresunet,0.0879,0.975,0.2796
attnresunet,0.0995,0.975,0.2715
attnresunet,0.0995,0.9875,0.2715
attnresunet,0.0997,0.9875,0.2714
attnresunet,0.0997,1.0,0.2714
attnresunet,0.1871,1.0,0.2324
attnresunet,0.1873,1.0,0.2324
attnresunet,0.2905,1.0,0.2028
attnresunet,0.2906,1.0,0.2028
attnresunet,0.3998,1.0,0.1858
attnresunet,0.4,1.0,0.1858
attnresunet,0.4106,1.0,0.1845
attnresunet,0.4108,1.0,0.1845
attnresunet,0.4927,1.0,0.1752
attnresunet,0.4929,1.0,0.1752
attnresunet,0.5547,1.0,0.169
attnresunet,0.5549,1.0,0.169
attnresunet,0.5857,1.0,0.1661
attnresunet,0.5858,1.0,0.1661
attnresunet,0.6667,1.0,0.1578
attnresunet,0.6669,1.0,0.1578
attnresunet,0.6782,1.0,0.1566
attnresunet,0.6784,1.0,0.1566
attnresunet,0.6886,1.0,0.1557
attnresunet,0.6887,1.0,0.1557
attnresunet,0.7,1.0,0.1548
attnresunet,0.7001,1.0,0.1548
attnresunet,0.7035,1.0,0.1544
attnresunet,0.7036,1.0,0.1543
attnresunet,1.0,1.0,0.0463
mmarunet,0.0,0.0,inf
mmarunet,0.0001,0.0,0.2235
mmarunet,0.0001,0.0125,0.212
mmarunet,0.0002,0.0125,0.2099
mmarunet,0.0002,0.0375,0.2076
mmarunet,0.001,0.0375,0.1846
mmarunet,0.001,0.05,0.1816
mmarunet,0.0012,0.05,0.1787
mmarunet,0.0012,0.0625,0.1784
mmarunet,0.0018,0.0625,0.1676
mmarunet,0.0018,0.075,0.167
mmarunet,0.0023,0.075,0.1561
mmarunet,0.0023,0.1,0.1548
mmarunet,0.0033,0.1,0.1445
mmarunet,0.0033,0.1125,0.1442
mmarunet,0.0041,0.1125,0.1393
mmarunet,0.0041,0.125,0.1386
mmarunet,0.0043,0.125,0.1378
mmarunet,0.0043,0.1375,0.1377
mmarunet,0.0045,0.1375,0.136
mmarunet,0.0045,0.15,0.1359
mmarunet,0.0051,0.15,0.131
mmarunet,0.0051,0.1625,0.1303
mmarunet,0.0118,0.1625,0.0997
mmarunet,0.0118,0.175,0.0995
mmarunet,0.0129,0.175,0.0973
mmarunet,0.0129,0.1875,0.097
mmarunet,0.0205,0.1875,0.0783
mmarunet,0.0205,0.2,0.0782
mmarunet,0.023,0.2,0.0726
mmarunet,0.023,0.2125,0.0726
mmarunet,0.0275,0.2125,0.0652
mmarunet,0.0275,0.225,0.0649
mmarunet,0.0315,0.225,0.0591
mmarunet,0.0315,0.2375,0.0591
mmarunet,0.0325,0.2375,0.058
mmarunet,0.0325,0.25,0.0579
mmarunet,0.0347,0.25,0.0559
mmarunet,0.0347,0.2625,0.0558
mmarunet,0.0349,0.2625,0.0556
mmarunet,0.0349,0.275,0.0555
mmarunet,0.0363,0.275,0.0544
mmarunet,0.0363,0.2875,0.0542
mmarunet,0.037,0.2875,0.054
mmarunet,0.037,0.3,0.054
mmarunet,0.0435,0.3,0.0491
mmarunet,0.0435,0.3125,0.0491
mmarunet,0.0468,0.3125,0.0467
mmarunet,0.0468,0.325,0.0466
mmarunet,0.0483,0.325,0.0458
mmarunet,0.0483,0.3375,0.0458
mmarunet,0.0576,0.3375,0.038
mmarunet,0.0576,0.35,0.0379
mmarunet,0.0607,0.35,0.0357
mmarunet,0.0607,0.3625,0.0357
mmarunet,0.0632,0.3625,0.034
mmarunet,0.0632,0.3875,0.0338
mmarunet,0.0632,0.3875,0.0338
mmarunet,0.0632,0.4,0.0338
mmarunet,0.0635,0.4,0.0337
mmarunet,0.0635,0.4125,0.0336
mmarunet,0.0666,0.4125,0.0314
mmarunet,0.0666,0.425,0.0314
mmarunet,0.0676,0.425,0.031
mmarunet,0.0676,0.4375,0.031
mmarunet,0.0677,0.4375,0.0309
mmarunet,0.0677,0.45,0.0308
mmarunet,0.0695,0.45,0.0302
mmarunet,0.0695,0.4625,0.0302
mmarunet,0.0701,0.4625,0.0299
mmarunet,0.0701,0.475,0.0299
mmarunet,0.0713,0.475,0.0294
mmarunet,0.0713,0.4875,0.0294
mmarunet,0.0738,0.4875,0.0284
mmarunet,0.0738,0.5,0.0284
mmarunet,0.0751,0.5,0.0279
mmarunet,0.0751,0.5125,0.0279
mmarunet,0.0809,0.5125,0.0259
mmarunet,0.0809,0.525,0.0259
mmarunet,0.0836,0.525,0.0248
mmarunet,0.0836,0.5375,0.0248
mmarunet,0.0882,0.5375,0.0235
mmarunet,0.0882,0.55,0.0234
mmarunet,0.0885,0.55,0.0233
mmarunet,0.0885,0.5625,0.0233
mmarunet,0.089,0.5625,0.0233
mmarunet,0.089,0.575,0.0233
mmarunet,0.0902,0.575,0.0229
mmarunet,0.0902,0.5875,0.0229
mmarunet,0.0935,0.5875,0.0219
mmarunet,0.0935,0.6,0.0219
mmarunet,0.0953,0.6,0.0212
mmarunet,0.0953,0.6125,0.0212
mmarunet,0.0981,0.6125,0.0204
mmarunet,0.0981,0.625,0.0204
mmarunet,0.1022,0.625,0.0188
mmarunet,0.1022,0.6375,0.0188
mmarunet,0.1025,0.6375,0.0186
mmarunet,0.1025,0.65,0.0186
mmarunet,0.1034,0.65,0.0184
mmarunet,0.1034,0.6625,0.0184
mmarunet,0.1144,0.6625,0.0153
mmarunet,0.1144,0.675,0.0153
mmarunet,0.1162,0.675,0.0148
mmarunet,0.1162,0.6875,0.0148
mmarunet,0.1204,0.6875,0.0137
mmarunet,0.1204,0.7,0.0136
mmarunet,0.123,0.7,0.013
mmarunet,0.123,0.7125,0.013
mmarunet,0.1234,0.7125,0.0128
mmarunet,0.1234,0.725,0.0128
mmarunet,0.125,0.725,0.0126
mmarunet,0.125,0.7375,0.0126
mmarunet,0.1267,0.7375,0.0123
mmarunet,0.1267,0.75,0.0123
mmarunet,0.1307,0.75,0.0118
mmarunet,0.1307,0.7625,0.0117
mmarunet,0.1319,0.7625,0.0116
mmarunet,0.1319,0.775,0.0115
mmarunet,0.1339,0.775,0.0113
mmarunet,0.1339,0.7875,0.0113
mmarunet,0.1421,0.7875,0.0103
mmarunet,0.1421,0.8,0.0103
mmarunet,0.1463,0.8,0.01
mmarunet,0.1463,0.8125,0.01
mmarunet,0.1583,0.8125,0.0088
mmarunet,0.1583,0.825,0.0088
mmarunet,0.1696,0.825,0.008
mmarunet,0.1696,0.8375,0.008
mmarunet,0.1714,0.8375,0.0079
mmarunet,0.1714,0.85,0.0079
mmarunet,0.1763,0.85,0.0077
mmarunet,0.1763,0.8625,0.0076
mmarunet,0.1849,0.8625,0.0071
mmarunet,0.1849,0.875,0.0071
mmarunet,0.1946,0.875,0.0065
mmarunet,0.1946,0.8875,0.0064
mmarunet,0.1956,0.8875,0.0064
mmarunet,0.1956,0.9,0.0064
mmarunet,0.1977,0.9,0.0063
mmarunet,0.1977,0.9125,0.0063
mmarunet,0.1977,0.9125,0.0062
mmarunet,0.1977,0.925,0.0062
mmarunet,0.1985,0.925,0.0062
mmarunet,0.1985,0.9375,0.0062
mmarunet,0.2036,0.9375,0.0059
mmarunet,0.2036,0.95,0.0059
mmarunet,0.2067,0.95,0.0057
mmarunet,0.2067,0.9625,0.0057
mmarunet,0.2135,0.9625,0.0054
mmarunet,0.2135,0.975,0.0054
mmarunet,0.2213,0.975,0.0051
mmarunet,0.2213,0.9875,0.005
mmarunet,0.2227,0.9875,0.005
mmarunet,0.2227,1.0,0.005
mmarunet,0.2424,1.0,0.0042
mmarunet,0.2425,1.0,0.0042
mmarunet,0.4881,1.0,0.0011
mmarunet,0.4883,1.0,0.0011
mmarunet,0.5059,1.0,0.001
mmarunet,0.5061,1.0,0.001
mmarunet,0.5952,1.0,0.0007
mmarunet,0.5953,1.0,0.0007
mmarunet,0.6681,1.0,0.0005
mmarunet,0.6683,1.0,0.0005
mmarunet,0.6877,1.0,0.0005
mmarunet,0.6879,1.0,0.0005
mmarunet,0.694,1.0,0.0005
mmarunet,0.6941,1.0,0.0005
mmarunet,0.7301,1.0,0.0004
mmarunet,0.7303,1.0,0.0004
mmarunet,0.7854,1.0,0.0003
mmarunet,0.7856,1.0,0.0003
mmarunet,0.8091,1.0,0.0003
mmarunet,0.8092,1.0,0.0003
mmarunet,0.8935,1.0,0.0002
mmarunet,0.8937,1.0,0.0002
mmarunet,0.8975,1.0,0.0002
mmarunet,0.8977,1.0,0.0002
mmarunet,0.9472,1.0,0.0001
mmarunet,0.9474,1.0,0.0001
mmarunet,1.0,1.0,0.0001
